{"rSystem":76,"rReference":57,"overlap":57,"recall":1.0,"precision":0.75,"fmeasure":0.8571428522}
{"rSystem":45,"rReference":52,"overlap":40,"recall":0.7692307692,"precision":0.8888888889,"fmeasure":0.8247422631}
{"rSystem":94,"rReference":49,"overlap":48,"recall":0.9795918367,"precision":0.5106382979,"fmeasure":0.6713286668}
{"rSystem":95,"rReference":55,"overlap":44,"recall":0.8,"precision":0.4631578947,"fmeasure":0.586666662}
{"rSystem":112,"rReference":54,"overlap":54,"recall":1.0,"precision":0.4821428571,"fmeasure":0.6506024052}
{"rSystem":119,"rReference":57,"overlap":57,"recall":1.0,"precision":0.4789915966,"fmeasure":0.6477272683}
{"rSystem":79,"rReference":55,"overlap":38,"recall":0.6909090909,"precision":0.4810126582,"fmeasure":0.5671641743}
{"rSystem":69,"rReference":50,"overlap":32,"recall":0.64,"precision":0.4637681159,"fmeasure":0.5378151212}
{"rSystem":71,"rReference":49,"overlap":49,"recall":1.0,"precision":0.6901408451,"fmeasure":0.8166666618}
{"rSystem":88,"rReference":46,"overlap":46,"recall":1.0,"precision":0.5227272727,"fmeasure":0.6865671597}
{"rSystem":78,"rReference":49,"overlap":48,"recall":0.9795918367,"precision":0.6153846154,"fmeasure":0.7559055071}
{"rSystem":112,"rReference":55,"overlap":55,"recall":1.0,"precision":0.4910714286,"fmeasure":0.6586826303}
{"rSystem":72,"rReference":49,"overlap":49,"recall":1.0,"precision":0.6805555556,"fmeasure":0.8099173506}
{"rSystem":42,"rReference":50,"overlap":39,"recall":0.78,"precision":0.9285714286,"fmeasure":0.847826082}
{"rSystem":117,"rReference":54,"overlap":35,"recall":0.6481481481,"precision":0.2991452991,"fmeasure":0.4093567208}
{"rSystem":62,"rReference":47,"overlap":39,"recall":0.829787234,"precision":0.6290322581,"fmeasure":0.7155963254}
{"rSystem":85,"rReference":55,"overlap":55,"recall":1.0,"precision":0.6470588235,"fmeasure":0.7857142809}
{"rSystem":51,"rReference":46,"overlap":31,"recall":0.6739130435,"precision":0.6078431373,"fmeasure":0.6391752527}
{"rSystem":69,"rReference":46,"overlap":17,"recall":0.3695652174,"precision":0.2463768116,"fmeasure":0.2956521691}
{"rSystem":76,"rReference":51,"overlap":36,"recall":0.7058823529,"precision":0.4736842105,"fmeasure":0.5669291291}
{"rSystem":68,"rReference":49,"overlap":23,"recall":0.4693877551,"precision":0.3382352941,"fmeasure":0.3931623883}
{"rSystem":106,"rReference":46,"overlap":46,"recall":1.0,"precision":0.4339622642,"fmeasure":0.6052631537}
{"rSystem":55,"rReference":51,"overlap":35,"recall":0.6862745098,"precision":0.6363636364,"fmeasure":0.6603773535}
{"rSystem":81,"rReference":44,"overlap":28,"recall":0.6363636364,"precision":0.3456790123,"fmeasure":0.4479999954}
{"rSystem":69,"rReference":43,"overlap":24,"recall":0.5581395349,"precision":0.347826087,"fmeasure":0.4285714238}
{"rSystem":44,"rReference":53,"overlap":23,"recall":0.4339622642,"precision":0.5227272727,"fmeasure":0.4742267992}
{"rSystem":100,"rReference":44,"overlap":44,"recall":1.0,"precision":0.44,"fmeasure":0.6111111069}
{"rSystem":75,"rReference":45,"overlap":34,"recall":0.7555555556,"precision":0.4533333333,"fmeasure":0.566666662}
{"rSystem":94,"rReference":51,"overlap":51,"recall":1.0,"precision":0.5425531915,"fmeasure":0.7034482713}
{"rSystem":64,"rReference":48,"overlap":26,"recall":0.5416666667,"precision":0.40625,"fmeasure":0.4642857094}
{"rSystem":72,"rReference":39,"overlap":39,"recall":1.0,"precision":0.5416666667,"fmeasure":0.7027026981}
{"rSystem":68,"rReference":49,"overlap":49,"recall":1.0,"precision":0.7205882353,"fmeasure":0.8376068327}
{"rSystem":71,"rReference":56,"overlap":18,"recall":0.3214285714,"precision":0.2535211268,"fmeasure":0.283464562}
{"rSystem":133,"rReference":48,"overlap":16,"recall":0.3333333333,"precision":0.1203007519,"fmeasure":0.1767955762}
{"rSystem":95,"rReference":43,"overlap":43,"recall":1.0,"precision":0.4526315789,"fmeasure":0.6231884015}
{"rSystem":77,"rReference":50,"overlap":39,"recall":0.78,"precision":0.5064935065,"fmeasure":0.6141732236}
{"rSystem":55,"rReference":51,"overlap":49,"recall":0.9607843137,"precision":0.8909090909,"fmeasure":0.9245282969}
{"rSystem":52,"rReference":39,"overlap":26,"recall":0.6666666667,"precision":0.5,"fmeasure":0.5714285665}
{"rSystem":98,"rReference":47,"overlap":47,"recall":1.0,"precision":0.4795918367,"fmeasure":0.6482758577}
{"rSystem":114,"rReference":46,"overlap":45,"recall":0.9782608696,"precision":0.3947368421,"fmeasure":0.5624999959}
{"rSystem":48,"rReference":59,"overlap":46,"recall":0.7796610169,"precision":0.9583333333,"fmeasure":0.8598130792}
{"rSystem":54,"rReference":43,"overlap":43,"recall":1.0,"precision":0.7962962963,"fmeasure":0.8865979332}
{"rSystem":82,"rReference":50,"overlap":50,"recall":1.0,"precision":0.6097560976,"fmeasure":0.7575757529}
{"rSystem":76,"rReference":43,"overlap":43,"recall":1.0,"precision":0.5657894737,"fmeasure":0.722689071}
{"rSystem":79,"rReference":51,"overlap":49,"recall":0.9607843137,"precision":0.6202531646,"fmeasure":0.7538461491}
{"rSystem":104,"rReference":45,"overlap":45,"recall":1.0,"precision":0.4326923077,"fmeasure":0.6040268414}
{"rSystem":62,"rReference":49,"overlap":49,"recall":1.0,"precision":0.7903225806,"fmeasure":0.882882878}
{"rSystem":45,"rReference":42,"overlap":32,"recall":0.7619047619,"precision":0.7111111111,"fmeasure":0.7356321789}
{"rSystem":67,"rReference":45,"overlap":41,"recall":0.9111111111,"precision":0.6119402985,"fmeasure":0.7321428523}
{"rSystem":44,"rReference":46,"overlap":39,"recall":0.847826087,"precision":0.8863636364,"fmeasure":0.8666666617}
