{"rSystem":86,"rReference":57,"overlap":57,"recall":1.0,"precision":0.6627906977,"fmeasure":0.7972027924}
{"rSystem":64,"rReference":52,"overlap":52,"recall":1.0,"precision":0.8125,"fmeasure":0.8965517192}
{"rSystem":146,"rReference":49,"overlap":48,"recall":0.9795918367,"precision":0.3287671233,"fmeasure":0.4923076885}
{"rSystem":121,"rReference":55,"overlap":55,"recall":1.0,"precision":0.4545454545,"fmeasure":0.6249999957}
{"rSystem":134,"rReference":54,"overlap":54,"recall":1.0,"precision":0.4029850746,"fmeasure":0.574468081}
{"rSystem":165,"rReference":57,"overlap":57,"recall":1.0,"precision":0.3454545455,"fmeasure":0.5135135097}
{"rSystem":95,"rReference":55,"overlap":40,"recall":0.7272727273,"precision":0.4210526316,"fmeasure":0.5333333287}
{"rSystem":93,"rReference":50,"overlap":32,"recall":0.64,"precision":0.3440860215,"fmeasure":0.447552443}
{"rSystem":100,"rReference":49,"overlap":49,"recall":1.0,"precision":0.49,"fmeasure":0.6577181164}
{"rSystem":104,"rReference":46,"overlap":46,"recall":1.0,"precision":0.4423076923,"fmeasure":0.6133333291}
{"rSystem":100,"rReference":49,"overlap":48,"recall":0.9795918367,"precision":0.48,"fmeasure":0.6442952976}
{"rSystem":118,"rReference":55,"overlap":55,"recall":1.0,"precision":0.4661016949,"fmeasure":0.635838146}
{"rSystem":80,"rReference":49,"overlap":49,"recall":1.0,"precision":0.6125,"fmeasure":0.7596899178}
{"rSystem":58,"rReference":50,"overlap":41,"recall":0.82,"precision":0.7068965517,"fmeasure":0.7592592543}
{"rSystem":134,"rReference":54,"overlap":36,"recall":0.6666666667,"precision":0.2686567164,"fmeasure":0.3829787193}
{"rSystem":85,"rReference":47,"overlap":39,"recall":0.829787234,"precision":0.4588235294,"fmeasure":0.5909090863}
{"rSystem":122,"rReference":55,"overlap":55,"recall":1.0,"precision":0.4508196721,"fmeasure":0.6214689223}
{"rSystem":74,"rReference":46,"overlap":45,"recall":0.9782608696,"precision":0.6081081081,"fmeasure":0.7499999953}
{"rSystem":112,"rReference":46,"overlap":38,"recall":0.8260869565,"precision":0.3392857143,"fmeasure":0.4810126541}
{"rSystem":95,"rReference":51,"overlap":38,"recall":0.7450980392,"precision":0.4,"fmeasure":0.5205479407}
{"rSystem":83,"rReference":49,"overlap":33,"recall":0.6734693878,"precision":0.3975903614,"fmeasure":0.4999999953}
{"rSystem":130,"rReference":46,"overlap":46,"recall":1.0,"precision":0.3538461538,"fmeasure":0.5227272689}
{"rSystem":75,"rReference":51,"overlap":40,"recall":0.7843137255,"precision":0.5333333333,"fmeasure":0.6349206301}
{"rSystem":94,"rReference":44,"overlap":32,"recall":0.7272727273,"precision":0.3404255319,"fmeasure":0.4637681116}
{"rSystem":104,"rReference":43,"overlap":33,"recall":0.7674418605,"precision":0.3173076923,"fmeasure":0.4489795877}
{"rSystem":59,"rReference":53,"overlap":38,"recall":0.7169811321,"precision":0.6440677966,"fmeasure":0.6785714236}
{"rSystem":155,"rReference":44,"overlap":44,"recall":1.0,"precision":0.2838709677,"fmeasure":0.4422110518}
{"rSystem":102,"rReference":45,"overlap":45,"recall":1.0,"precision":0.4411764706,"fmeasure":0.6122448937}
{"rSystem":132,"rReference":51,"overlap":51,"recall":1.0,"precision":0.3863636364,"fmeasure":0.5573770452}
{"rSystem":93,"rReference":48,"overlap":33,"recall":0.6875,"precision":0.3548387097,"fmeasure":0.4680851019}
{"rSystem":95,"rReference":39,"overlap":39,"recall":1.0,"precision":0.4105263158,"fmeasure":0.5820895481}
{"rSystem":86,"rReference":49,"overlap":49,"recall":1.0,"precision":0.5697674419,"fmeasure":0.7259259213}
{"rSystem":103,"rReference":56,"overlap":24,"recall":0.4285714286,"precision":0.2330097087,"fmeasure":0.3018867879}
{"rSystem":229,"rReference":48,"overlap":48,"recall":1.0,"precision":0.2096069869,"fmeasure":0.3465703942}
{"rSystem":115,"rReference":43,"overlap":43,"recall":1.0,"precision":0.3739130435,"fmeasure":0.5443037935}
{"rSystem":109,"rReference":50,"overlap":48,"recall":0.96,"precision":0.4403669725,"fmeasure":0.6037735806}
{"rSystem":80,"rReference":51,"overlap":49,"recall":0.9607843137,"precision":0.6125,"fmeasure":0.7480915983}
{"rSystem":82,"rReference":39,"overlap":28,"recall":0.7179487179,"precision":0.3414634146,"fmeasure":0.462809913}
{"rSystem":130,"rReference":47,"overlap":47,"recall":1.0,"precision":0.3615384615,"fmeasure":0.5310734424}
{"rSystem":156,"rReference":46,"overlap":45,"recall":0.9782608696,"precision":0.2884615385,"fmeasure":0.4455445509}
{"rSystem":66,"rReference":59,"overlap":59,"recall":1.0,"precision":0.8939393939,"fmeasure":0.943999995}
{"rSystem":84,"rReference":43,"overlap":43,"recall":1.0,"precision":0.5119047619,"fmeasure":0.6771653499}
{"rSystem":105,"rReference":50,"overlap":50,"recall":1.0,"precision":0.4761904762,"fmeasure":0.645161286}
{"rSystem":107,"rReference":43,"overlap":43,"recall":1.0,"precision":0.4018691589,"fmeasure":0.5733333292}
{"rSystem":107,"rReference":51,"overlap":50,"recall":0.9803921569,"precision":0.4672897196,"fmeasure":0.632911388}
{"rSystem":174,"rReference":45,"overlap":45,"recall":1.0,"precision":0.2586206897,"fmeasure":0.4109589008}
{"rSystem":84,"rReference":49,"overlap":49,"recall":1.0,"precision":0.5833333333,"fmeasure":0.7368421006}
{"rSystem":48,"rReference":42,"overlap":33,"recall":0.7857142857,"precision":0.6875,"fmeasure":0.7333333284}
{"rSystem":95,"rReference":45,"overlap":45,"recall":1.0,"precision":0.4736842105,"fmeasure":0.6428571385}
{"rSystem":58,"rReference":46,"overlap":46,"recall":1.0,"precision":0.7931034483,"fmeasure":0.8846153797}
