{"rSystem":75,"rReference":57,"overlap":34,"recall":0.5964912281,"precision":0.4533333333,"fmeasure":0.5151515102}
{"rSystem":45,"rReference":52,"overlap":40,"recall":0.7692307692,"precision":0.8888888889,"fmeasure":0.8247422631}
{"rSystem":107,"rReference":49,"overlap":44,"recall":0.8979591837,"precision":0.4112149533,"fmeasure":0.5641025598}
{"rSystem":103,"rReference":55,"overlap":55,"recall":1.0,"precision":0.5339805825,"fmeasure":0.6962025271}
{"rSystem":118,"rReference":54,"overlap":54,"recall":1.0,"precision":0.4576271186,"fmeasure":0.6279069724}
{"rSystem":125,"rReference":57,"overlap":48,"recall":0.8421052632,"precision":0.384,"fmeasure":0.5274725232}
{"rSystem":89,"rReference":55,"overlap":46,"recall":0.8363636364,"precision":0.5168539326,"fmeasure":0.6388888842}
{"rSystem":69,"rReference":50,"overlap":32,"recall":0.64,"precision":0.4637681159,"fmeasure":0.5378151212}
{"rSystem":90,"rReference":49,"overlap":32,"recall":0.6530612245,"precision":0.3555555556,"fmeasure":0.4604316501}
{"rSystem":81,"rReference":46,"overlap":36,"recall":0.7826086957,"precision":0.4444444444,"fmeasure":0.5669291292}
{"rSystem":78,"rReference":49,"overlap":48,"recall":0.9795918367,"precision":0.6153846154,"fmeasure":0.7559055071}
{"rSystem":112,"rReference":55,"overlap":55,"recall":1.0,"precision":0.4910714286,"fmeasure":0.6586826303}
{"rSystem":67,"rReference":49,"overlap":49,"recall":1.0,"precision":0.7313432836,"fmeasure":0.8448275813}
{"rSystem":45,"rReference":50,"overlap":31,"recall":0.62,"precision":0.6888888889,"fmeasure":0.652631574}
{"rSystem":133,"rReference":54,"overlap":48,"recall":0.8888888889,"precision":0.3609022556,"fmeasure":0.5133689798}
{"rSystem":64,"rReference":47,"overlap":38,"recall":0.8085106383,"precision":0.59375,"fmeasure":0.6846846798}
{"rSystem":88,"rReference":55,"overlap":55,"recall":1.0,"precision":0.625,"fmeasure":0.7692307645}
{"rSystem":60,"rReference":46,"overlap":39,"recall":0.847826087,"precision":0.65,"fmeasure":0.7358490517}
{"rSystem":116,"rReference":46,"overlap":26,"recall":0.5652173913,"precision":0.224137931,"fmeasure":0.3209876503}
{"rSystem":140,"rReference":51,"overlap":20,"recall":0.3921568627,"precision":0.1428571429,"fmeasure":0.2094240799}
{"rSystem":60,"rReference":49,"overlap":33,"recall":0.6734693878,"precision":0.55,"fmeasure":0.6055045822}
{"rSystem":104,"rReference":46,"overlap":46,"recall":1.0,"precision":0.4423076923,"fmeasure":0.6133333291}
{"rSystem":55,"rReference":51,"overlap":34,"recall":0.6666666667,"precision":0.6181818182,"fmeasure":0.641509429}
{"rSystem":59,"rReference":44,"overlap":18,"recall":0.4090909091,"precision":0.3050847458,"fmeasure":0.3495145582}
{"rSystem":89,"rReference":43,"overlap":27,"recall":0.6279069767,"precision":0.3033707865,"fmeasure":0.4090909047}
{"rSystem":46,"rReference":53,"overlap":14,"recall":0.2641509434,"precision":0.3043478261,"fmeasure":0.2828282779}
{"rSystem":103,"rReference":44,"overlap":44,"recall":1.0,"precision":0.427184466,"fmeasure":0.5986394516}
{"rSystem":76,"rReference":45,"overlap":33,"recall":0.7333333333,"precision":0.4342105263,"fmeasure":0.5454545408}
{"rSystem":103,"rReference":51,"overlap":51,"recall":1.0,"precision":0.4951456311,"fmeasure":0.6623376579}
{"rSystem":67,"rReference":48,"overlap":26,"recall":0.5416666667,"precision":0.3880597015,"fmeasure":0.4521739082}
{"rSystem":83,"rReference":39,"overlap":39,"recall":1.0,"precision":0.4698795181,"fmeasure":0.6393442579}
{"rSystem":75,"rReference":49,"overlap":49,"recall":1.0,"precision":0.6533333333,"fmeasure":0.7903225759}
{"rSystem":91,"rReference":56,"overlap":23,"recall":0.4107142857,"precision":0.2527472527,"fmeasure":0.3129251654}
{"rSystem":171,"rReference":48,"overlap":45,"recall":0.9375,"precision":0.2631578947,"fmeasure":0.4109589007}
{"rSystem":92,"rReference":43,"overlap":43,"recall":1.0,"precision":0.4673913043,"fmeasure":0.6370370327}
{"rSystem":97,"rReference":50,"overlap":30,"recall":0.6,"precision":0.3092783505,"fmeasure":0.4081632608}
{"rSystem":65,"rReference":51,"overlap":37,"recall":0.7254901961,"precision":0.5692307692,"fmeasure":0.6379310296}
{"rSystem":52,"rReference":39,"overlap":26,"recall":0.6666666667,"precision":0.5,"fmeasure":0.5714285665}
{"rSystem":98,"rReference":47,"overlap":47,"recall":1.0,"precision":0.4795918367,"fmeasure":0.6482758577}
{"rSystem":129,"rReference":46,"overlap":22,"recall":0.4782608696,"precision":0.1705426357,"fmeasure":0.2514285676}
{"rSystem":26,"rReference":59,"overlap":23,"recall":0.3898305085,"precision":0.8846153846,"fmeasure":0.5411764663}
{"rSystem":59,"rReference":43,"overlap":38,"recall":0.8837209302,"precision":0.6440677966,"fmeasure":0.7450980343}
{"rSystem":102,"rReference":50,"overlap":50,"recall":1.0,"precision":0.4901960784,"fmeasure":0.6578947324}
{"rSystem":83,"rReference":43,"overlap":19,"recall":0.4418604651,"precision":0.2289156627,"fmeasure":0.3015872971}
{"rSystem":87,"rReference":51,"overlap":40,"recall":0.7843137255,"precision":0.4597701149,"fmeasure":0.5797101403}
{"rSystem":120,"rReference":45,"overlap":45,"recall":1.0,"precision":0.375,"fmeasure":0.5454545415}
{"rSystem":65,"rReference":49,"overlap":44,"recall":0.8979591837,"precision":0.6769230769,"fmeasure":0.7719298197}
{"rSystem":38,"rReference":42,"overlap":31,"recall":0.7380952381,"precision":0.8157894737,"fmeasure":0.774999995}
{"rSystem":94,"rReference":45,"overlap":38,"recall":0.8444444444,"precision":0.4042553191,"fmeasure":0.5467625855}
{"rSystem":52,"rReference":46,"overlap":41,"recall":0.8913043478,"precision":0.7884615385,"fmeasure":0.8367346889}
