{"rSystem":95,"rReference":57,"overlap":42,"recall":0.7368421053,"precision":0.4421052632,"fmeasure":0.5526315743}
{"rSystem":67,"rReference":52,"overlap":42,"recall":0.8076923077,"precision":0.6268656716,"fmeasure":0.705882348}
{"rSystem":142,"rReference":49,"overlap":48,"recall":0.9795918367,"precision":0.338028169,"fmeasure":0.5026177972}
{"rSystem":121,"rReference":55,"overlap":55,"recall":1.0,"precision":0.4545454545,"fmeasure":0.6249999957}
{"rSystem":153,"rReference":54,"overlap":54,"recall":1.0,"precision":0.3529411765,"fmeasure":0.5217391266}
{"rSystem":167,"rReference":57,"overlap":57,"recall":1.0,"precision":0.3413173653,"fmeasure":0.5089285676}
{"rSystem":111,"rReference":55,"overlap":48,"recall":0.8727272727,"precision":0.4324324324,"fmeasure":0.5783132486}
{"rSystem":87,"rReference":50,"overlap":38,"recall":0.76,"precision":0.4367816092,"fmeasure":0.5547445209}
{"rSystem":118,"rReference":49,"overlap":39,"recall":0.7959183673,"precision":0.3305084746,"fmeasure":0.4670658641}
{"rSystem":99,"rReference":46,"overlap":37,"recall":0.8043478261,"precision":0.3737373737,"fmeasure":0.5103448233}
{"rSystem":104,"rReference":49,"overlap":48,"recall":0.9795918367,"precision":0.4615384615,"fmeasure":0.627450976}
{"rSystem":126,"rReference":55,"overlap":55,"recall":1.0,"precision":0.4365079365,"fmeasure":0.6077348024}
{"rSystem":82,"rReference":49,"overlap":49,"recall":1.0,"precision":0.5975609756,"fmeasure":0.7480915984}
{"rSystem":67,"rReference":50,"overlap":33,"recall":0.66,"precision":0.4925373134,"fmeasure":0.5641025592}
{"rSystem":148,"rReference":54,"overlap":48,"recall":0.8888888889,"precision":0.3243243243,"fmeasure":0.4752475208}
{"rSystem":97,"rReference":47,"overlap":39,"recall":0.829787234,"precision":0.4020618557,"fmeasure":0.5416666623}
{"rSystem":123,"rReference":55,"overlap":55,"recall":1.0,"precision":0.4471544715,"fmeasure":0.6179775238}
{"rSystem":76,"rReference":46,"overlap":41,"recall":0.8913043478,"precision":0.5394736842,"fmeasure":0.6721311428}
{"rSystem":140,"rReference":46,"overlap":28,"recall":0.6086956522,"precision":0.2,"fmeasure":0.3010752651}
{"rSystem":177,"rReference":51,"overlap":37,"recall":0.7254901961,"precision":0.209039548,"fmeasure":0.3245614}
{"rSystem":82,"rReference":49,"overlap":33,"recall":0.6734693878,"precision":0.4024390244,"fmeasure":0.5038167892}
{"rSystem":145,"rReference":46,"overlap":46,"recall":1.0,"precision":0.3172413793,"fmeasure":0.481675389}
{"rSystem":81,"rReference":51,"overlap":44,"recall":0.862745098,"precision":0.5432098765,"fmeasure":0.6666666619}
{"rSystem":102,"rReference":44,"overlap":33,"recall":0.75,"precision":0.3235294118,"fmeasure":0.4520547903}
{"rSystem":106,"rReference":43,"overlap":27,"recall":0.6279069767,"precision":0.2547169811,"fmeasure":0.3624161033}
{"rSystem":67,"rReference":53,"overlap":18,"recall":0.3396226415,"precision":0.2686567164,"fmeasure":0.2999999951}
{"rSystem":138,"rReference":44,"overlap":44,"recall":1.0,"precision":0.3188405797,"fmeasure":0.4835164799}
{"rSystem":97,"rReference":45,"overlap":45,"recall":1.0,"precision":0.4639175258,"fmeasure":0.6338028126}
{"rSystem":147,"rReference":51,"overlap":51,"recall":1.0,"precision":0.3469387755,"fmeasure":0.5151515113}
{"rSystem":109,"rReference":48,"overlap":48,"recall":1.0,"precision":0.4403669725,"fmeasure":0.6114649639}
{"rSystem":105,"rReference":39,"overlap":39,"recall":1.0,"precision":0.3714285714,"fmeasure":0.5416666627}
{"rSystem":91,"rReference":49,"overlap":49,"recall":1.0,"precision":0.5384615385,"fmeasure":0.6999999955}
{"rSystem":108,"rReference":56,"overlap":25,"recall":0.4464285714,"precision":0.2314814815,"fmeasure":0.3048780443}
{"rSystem":222,"rReference":48,"overlap":46,"recall":0.9583333333,"precision":0.2072072072,"fmeasure":0.3407407378}
{"rSystem":128,"rReference":43,"overlap":43,"recall":1.0,"precision":0.3359375,"fmeasure":0.5029239728}
{"rSystem":137,"rReference":50,"overlap":44,"recall":0.88,"precision":0.3211678832,"fmeasure":0.4705882314}
{"rSystem":82,"rReference":51,"overlap":45,"recall":0.8823529412,"precision":0.5487804878,"fmeasure":0.6766917246}
{"rSystem":85,"rReference":39,"overlap":28,"recall":0.7179487179,"precision":0.3294117647,"fmeasure":0.4516128989}
{"rSystem":140,"rReference":47,"overlap":47,"recall":1.0,"precision":0.3357142857,"fmeasure":0.502673793}
{"rSystem":182,"rReference":46,"overlap":38,"recall":0.8260869565,"precision":0.2087912088,"fmeasure":0.3333333301}
{"rSystem":42,"rReference":59,"overlap":27,"recall":0.4576271186,"precision":0.6428571429,"fmeasure":0.5346534605}
{"rSystem":75,"rReference":43,"overlap":43,"recall":1.0,"precision":0.5733333333,"fmeasure":0.7288135547}
{"rSystem":126,"rReference":50,"overlap":50,"recall":1.0,"precision":0.3968253968,"fmeasure":0.5681818141}
{"rSystem":123,"rReference":43,"overlap":43,"recall":1.0,"precision":0.3495934959,"fmeasure":0.5180722853}
{"rSystem":112,"rReference":51,"overlap":41,"recall":0.8039215686,"precision":0.3660714286,"fmeasure":0.5030674804}
{"rSystem":198,"rReference":45,"overlap":45,"recall":1.0,"precision":0.2272727273,"fmeasure":0.3703703674}
{"rSystem":76,"rReference":49,"overlap":49,"recall":1.0,"precision":0.6447368421,"fmeasure":0.7839999952}
{"rSystem":48,"rReference":42,"overlap":33,"recall":0.7857142857,"precision":0.6875,"fmeasure":0.7333333284}
{"rSystem":127,"rReference":45,"overlap":45,"recall":1.0,"precision":0.3543307087,"fmeasure":0.5232558101}
{"rSystem":70,"rReference":46,"overlap":41,"recall":0.8913043478,"precision":0.5857142857,"fmeasure":0.7068965469}
